model_name,dataset,paragraphs_per_call,micro_precision,micro_recall,micro_f1,macro_precision,macro_recall,macro_f1
deepseek-r1:8b,multicardioner_track2_en,0,0.9511308562197092,0.6200631911532386,0.7507172457762193,0.7865273683075894,0.6062642603164607,0.654785884951422
deepseek-r1:14b,multicardioner_track2_en,0,0.908540471637986,0.7506582411795681,0.8220876585928488,0.8557684112826297,0.7524025788338735,0.7765525134258792
