model_name,dataset,paragraphs_per_call,micro_precision,micro_recall,micro_f1,macro_precision,macro_recall,macro_f1
deepseek-r1:7b,multicardioner_track2_en,0,0.9304556354916067,0.20431806213796735,0.3350604490500863,0.41462347378946895,0.17781075414616362,0.22068857427650837
deepseek-r1:8b,multicardioner_track2_en,0,0.9511308562197092,0.6200631911532386,0.7507172457762193,0.7865273683075894,0.6062642603164607,0.654785884951422
deepseek-r1:14b,multicardioner_track2_en,0,0.908540471637986,0.7506582411795681,0.8220876585928488,0.8557684112826297,0.7524025788338735,0.7765525134258792
deepseek-r1:32b,multicardioner_track2_en,0,0.834696261682243,0.7525013164823592,0.7914705067848242,0.8335279060526068,0.7766963650310201,0.7725528235535291
phi3.5,multicardioner_track2_en,0,0.863019508057676,0.5358083201685098,0.661143599740091,0.7695063573172801,0.5685778196835568,0.6210155480830142
